{"cameraMode":{"drawMode":0,"name":"Shaded","section":"Shading Mode"},"sceneLighting":false,"audioPlay":false,"sceneViewState":{"showFog":true,"showMaterialUpdate":false,"showSkybox":true,"showFlares":true,"showImageEffects":true,"showParticleSystems":true},"in2DMode":false,"pivot":{"x":0.821214497089386,"y":0.41416987776756289,"z":10.15908432006836},"rotation":{"x":-0.15636256337165833,"y":-0.6239817142486572,"z":0.12928913533687592,"w":-0.7546402812004089},"size":2.329604387283325,"orthographic":false}