{"cameraMode":{"drawMode":0,"name":"Shaded","section":"Shading Mode"},"sceneLighting":true,"audioPlay":false,"sceneViewState":{"showFog":true,"showMaterialUpdate":false,"showSkybox":true,"showFlares":true,"showImageEffects":true,"showParticleSystems":true},"in2DMode":false,"pivot":{"x":2.091337203979492,"y":5.8607378005981449,"z":3.0717263221740724},"rotation":{"x":-0.21310526132583619,"y":0.022564440965652467,"z":-0.004923026077449322,"w":-0.9767562747001648},"size":3.59157133102417,"orthographic":false}