{"cameraMode":{"drawMode":0,"name":"Shaded","section":"Shading Mode"},"sceneLighting":false,"audioPlay":false,"sceneViewState":{"showFog":true,"showMaterialUpdate":false,"showSkybox":true,"showFlares":true,"showImageEffects":true,"showParticleSystems":true},"in2DMode":false,"pivot":{"x":0.04166020452976227,"y":0.17277038097381593,"z":10.303105354309082},"rotation":{"x":-0.31060612201690676,"y":-0.6224138736724854,"z":0.29515984654426577,"w":-0.6549851298332214},"size":2.329604387283325,"orthographic":false}