{"cameraMode":{"drawMode":0,"name":"Shaded","section":"Shading Mode"},"sceneLighting":false,"audioPlay":false,"sceneViewState":{"showFog":true,"showMaterialUpdate":false,"showSkybox":true,"showFlares":true,"showImageEffects":true,"showParticleSystems":true},"in2DMode":false,"pivot":{"x":0.055016521364450458,"y":-0.09631679952144623,"z":9.87957763671875},"rotation":{"x":-0.13767799735069276,"y":-0.651037335395813,"z":0.121707022190094,"w":-0.7364662885665894},"size":3.986825704574585,"orthographic":false}