{"cameraMode":{"drawMode":0,"name":"Shaded","section":"Shading Mode"},"sceneLighting":false,"audioPlay":false,"sceneViewState":{"showFog":true,"showMaterialUpdate":false,"showSkybox":true,"showFlares":true,"showImageEffects":true,"showParticleSystems":true},"in2DMode":false,"pivot":{"x":-0.047829873859882358,"y":-0.22460779547691346,"z":9.610620498657227},"rotation":{"x":-0.19668951630592347,"y":-0.6735636591911316,"z":0.19318297505378724,"w":-0.6857882738113403},"size":2.329604387283325,"orthographic":false}