{"cameraMode":{"drawMode":0,"name":"Shaded","section":"Shading Mode"},"sceneLighting":true,"audioPlay":false,"sceneViewState":{"showFog":true,"showMaterialUpdate":false,"showSkybox":true,"showFlares":true,"showImageEffects":true,"showParticleSystems":true},"in2DMode":false,"pivot":{"x":-1.6832469701766968,"y":7.470188617706299,"z":9.314861297607422},"rotation":{"x":-0.00029171007918193936,"y":-0.9449632167816162,"z":0.3271755576133728,"w":-0.0008429670124314725},"size":6.022383213043213,"orthographic":false}