{"cameraMode":{"drawMode":0,"name":"Shaded","section":"Shading Mode"},"sceneLighting":true,"audioPlay":false,"sceneViewState":{"showFog":true,"showMaterialUpdate":false,"showSkybox":true,"showFlares":true,"showImageEffects":true,"showParticleSystems":true},"in2DMode":false,"pivot":{"x":-0.3271588683128357,"y":0.19217561185359956,"z":-4.33944845199585},"rotation":{"x":0.5861663222312927,"y":-0.053372640162706378,"z":0.03874322772026062,"w":0.8075019717216492},"size":4.001037120819092,"orthographic":false}