{"cameraMode":{"drawMode":0,"name":"Shaded","section":"Shading Mode"},"sceneLighting":true,"audioPlay":false,"sceneViewState":{"showFog":false,"showMaterialUpdate":false,"showSkybox":false,"showFlares":false,"showImageEffects":false,"showParticleSystems":false},"in2DMode":false,"pivot":{"x":-0.16374914348125459,"y":0.10665512084960938,"z":3.550570011138916},"rotation":{"x":0.6721455454826355,"y":-0.01887357234954834,"z":0.017143428325653077,"w":0.7399799227714539},"size":16.15784454345703,"orthographic":false}