{"cameraMode":{"drawMode":0,"name":"Shaded","section":"Shading Mode"},"sceneLighting":false,"audioPlay":false,"sceneViewState":{"showFog":true,"showMaterialUpdate":false,"showSkybox":true,"showFlares":true,"showImageEffects":true,"showParticleSystems":true},"in2DMode":false,"pivot":{"x":0.22630226612091065,"y":0.22684097290039063,"z":10.305028915405274},"rotation":{"x":-0.1447571963071823,"y":-0.6810979843139648,"z":0.14005863666534425,"w":-0.7039421200752258},"size":2.329604387283325,"orthographic":false}