{"cameraMode":{"drawMode":0,"name":"Shaded","section":"Shading Mode"},"sceneLighting":false,"audioPlay":false,"sceneViewState":{"showFog":true,"showMaterialUpdate":false,"showSkybox":true,"showFlares":true,"showImageEffects":true,"showParticleSystems":true},"in2DMode":false,"pivot":{"x":3.767742395401001,"y":-0.8349012732505798,"z":-4.269184589385986},"rotation":{"x":-0.17124402523040772,"y":-0.4615941643714905,"z":0.09131816774606705,"w":-0.8656023144721985},"size":9.056097030639649,"orthographic":false}